Unique Matched Tools,Top Domain,First Domain
dv,computer science,human-computer interaction
dv,computer science,human computer interaction
dv,computer science,computer imaging and vision
dv,computer science,computer system
dv,computer science,internet
dv,computer science,computer systems
dv,computer science,bioinformatics
dv,computer science,medical informatics
dv,computer science,computer networks
dv,computer science,computer communication networks
dv,computer science,hardware
dv,computer science,computer network
dv,computer science,computer hardware
dv,engineering,electricity
dv,computer science,computer aided design
dv,computer science,computer aided design %28cad%29
dv,computer science,computer-aided design
dv,communication,information theory
dv,computer science,cad
dv,computer science,operating systems
dv,computer science,operating system
dv,computer science,computer operating systems
dv,computer science,computer programming
dv,semantics,natural language
dv,computer science,artificial intelligence
dv,computer science,data mining
dv,computer science,information retrieval
dv,linguistics,natural languages
dv,computer science,software
dv,semantics,natural languages
dv,computer science,information technology
dv,linguistics,natural language
dv,mathematics,probability
dv,computer science,computer security
dv,computer science,robotics
dv,education,curricula
dv,education,elearning
dv,education,curriculum
dv,education,e - learnings
dv,education,e-learning
dv,engineering,signal processing
dv,economics,commerce
dv,mathematics,optimization
dv,economics,health expenditures
dv,economics,sales
dv,mathematics,statistics
dv,mathematics,numerical analysis
dv,mathematics,statistical model
dv,mathematics,matrix algebra
dv,mathematics,regression analysis
dv,mathematics,numerical method
dv,computer science,software engineering
dv,mathematics,numerical methods
dv,engineering,automation
dv,mathematics,statistical analysis
dv,mathematics,correlation analysis
dv,computer science,theoretical computer science
dv,economics,investments
dv,mathematics,control theory
dv,economics,investment
dv,linguistics,speech communication
dv,communication,augmentative and alternative communication %28aac%29
dv,communication,augmentative and alternative communication
dv,communication,laser communication
dv,communication,laser communications
dv,mathematics,mathematical transformations
dv,linguistics,computer-assisted language learning
dv,education,educational technology
dv,education,educational technologies
word,computer science,software engineering
word,computer science,software
word,computer science,computer programming
word,engineering,automation
word,computer science,human-computer interaction
word,computer science,internet
word,computer science,human computer interaction
word,computer science,computer systems
word,computer science,computer system
word,computer science,computer networks
word,education,curricula
word,computer science,artificial intelligence
word,mathematics,finite element method
word,mathematics,boolean functions
word,mathematics,statistics
word,computer science,operating systems
word,computer science,computer operating systems
word,computer science,computer aided design
word,computer science,computer imaging and vision
word,education,curriculum
word,mathematics,statistical model
word,mathematics,regression analysis
word,mathematics,maximum likelihood estimation
word,engineering,signal processing
word,mathematics,statistical analysis
word,computer science,computer aided design %28cad%29
word,mathematics,correlation analysis
word,computer science,computer-aided design
word,computer science,robotics
word,computer science,theoretical computer science
word,mathematics,probability
word,computer science,computer security
word,computer science,computer communication networks
word,computer science,hardware
word,computer science,computer network
word,computer science,operating system
word,mathematics,boolean function
word,computer science,computer hardware
word,computer science,cad
word,education,elearning
word,education,e - learnings
word,education,e-learning
word,computer science,information retrieval
word,linguistics,natural language
word,semantics,natural language
word,linguistics,natural languages
word,semantics,natural languages
word,computer science,data mining
word,linguistics,formal languages
word,mathematics,approximation theory
word,mathematics,mathematical transformations
word,semantics,ontologies
word,semantics,ontology
word,linguistics,speech communication
word,communication,information theory
word,linguistics,translation %28languages%29
word,computer science,information technology
outlook,computer science,internet
outlook,computer science,computer networks
outlook,education,curricula
outlook,computer science,artificial intelligence
outlook,economics,commerce
outlook,education,e - learnings
outlook,mathematics,optimization
outlook,economics,health expenditures
outlook,computer science,information retrieval
outlook,computer science,computer system
outlook,economics,sales
outlook,mathematics,statistics
outlook,mathematics,numerical analysis
outlook,computer science,operating systems
outlook,computer science,computer operating systems
outlook,education,elearning
outlook,education,curriculum
outlook,computer science,computer imaging and vision
outlook,mathematics,statistical model
outlook,mathematics,matrix algebra
outlook,mathematics,regression analysis
outlook,mathematics,numerical method
outlook,computer science,software engineering
outlook,computer science,computer systems
outlook,mathematics,numerical methods
outlook,engineering,automation
outlook,engineering,signal processing
outlook,mathematics,statistical analysis
outlook,mathematics,correlation analysis
outlook,education,e-learning
outlook,computer science,human-computer interaction
outlook,computer science,robotics
outlook,computer science,information technology
outlook,computer science,theoretical computer science
outlook,economics,investments
outlook,mathematics,probability
outlook,mathematics,control theory
outlook,computer science,computer security
outlook,computer science,computer communication networks
outlook,computer science,hardware
outlook,computer science,computer network
outlook,economics,investment
outlook,computer science,human computer interaction
outlook,computer science,operating system
outlook,computer science,computer hardware
david,computer science,computer aided design
david,computer science,computer aided design %28cad%29
david,computer science,hardware
david,computer science,computer-aided design
david,computer science,computer hardware
david,computer science,cad
david,computer science,bioinformatics
david,sociology,social psychology
david,computer science,artificial intelligence
david,computer science,medical informatics
david,computer science,computer system
david,computer science,human-computer interaction
david,computer science,human computer interaction
david,computer science,computer systems
david,engineering,signal processing
david,computer science,computer imaging and vision
email,computer science,computer networks
email,computer science,computer communication networks
email,computer science,computer system
email,computer science,computer network
email,computer science,computer systems
email,computer science,computer security
email,computer science,data mining
email,computer science,internet
email,computer science,information technology
email,computer science,human-computer interaction
email,computer science,human computer interaction
email,economics,sales
email,computer science,information retrieval
email,economics,commerce
email,computer science,hardware
email,computer science,computer hardware
email,computer science,operating systems
email,computer science,computer operating systems
email,computer science,operating system
email,computer science,computer programming
email,semantics,natural language
email,computer science,artificial intelligence
email,linguistics,natural languages
email,computer science,computer imaging and vision
email,computer science,medical informatics
email,computer science,software
email,computer science,bioinformatics
email,semantics,natural languages
email,linguistics,natural language
email,mathematics,probability
email,engineering,signal processing
email,computer science,software engineering
email,education,elearning
email,education,e - learnings
email,education,e-learning
email,linguistics,computer-assisted language learning
email,education,educational technology
email,education,educational technologies
email,engineering,telephony
email,engineering,telephone
email,linguistics,speech communication
email,mathematics,statistical analysis
email,mathematics,statistical model
email,mathematics,correlation analysis
email,mathematics,regression analysis
email,mathematics,statistics
email,communication,anonymous communication
pdf,computer science,computer programming
whatsapp,computer science,computer security
whatsapp,computer science,data mining
whatsapp,computer science,computer system
whatsapp,computer science,internet
whatsapp,computer science,information technology
whatsapp,computer science,computer systems
whatsapp,computer science,computer networks
whatsapp,computer science,computer communication networks
whatsapp,computer science,computer network
whatsapp,computer science,theoretical computer science
whatsapp,computer science,human-computer interaction
whatsapp,computer science,human computer interaction
whatsapp,engineering,telephony
whatsapp,engineering,telephone
whatsapp,computer science,computer hardware
whatsapp,computer science,hardware
whatsapp,engineering,signal processing
whatsapp,computer science,computer imaging and vision
whatsapp,linguistics,speech communication
whatsapp,mathematics,mathematical transformations
whatsapp,computer science,computer programming
whatsapp,linguistics,functional languages
excel,computer science,computer hardware
excel,computer science,hardware
excel,mathematics,numerical analysis
excel,computer science,computer imaging and vision
excel,computer science,computer programming
excel,mathematics,statistical analysis
excel,mathematics,statistical model
excel,mathematics,correlation analysis
excel,mathematics,regression analysis
excel,mathematics,statistics
excel,computer science,artificial intelligence
excel,computer science,data mining
excel,computer science,theoretical computer science
excel,mathematics,approximation theory
excel,computer science,computer security
gif,computer science,computer imaging and vision
gif,computer science,computer system
gif,computer science,human-computer interaction
gif,computer science,internet
gif,computer science,human computer interaction
gif,computer science,computer systems
gif,computer science,computer aided design
gif,computer science,computer aided design %28cad%29
gif,computer science,computer-aided design
gif,computer science,hardware
gif,communication,information theory
gif,computer science,computer hardware
gif,computer science,cad
gif,computer science,computer networks
gif,computer science,computer communication networks
gif,computer science,computer network
gif,computer science,operating systems
gif,computer science,computer operating systems
gif,computer science,information technology
gif,computer science,data mining
gif,computer science,operating system
gif,computer science,bioinformatics
gif,computer science,medical informatics
