Parent URL,Type,Tool URL,German Parent URL,German Tool URL
http://dbpedia.org/resource/Computer_cluster,Tool,http://dbpedia.org/resource/SNAMP,http://de.dbpedia.org/resource/Rechnerverbund,
http://dbpedia.org/resource/Computer_cluster,Tool,http://dbpedia.org/resource/Apache_Mesos,http://de.dbpedia.org/resource/Rechnerverbund,
http://dbpedia.org/resource/Computer_cluster,Tool,http://dbpedia.org/resource/Apple_Qadministrator,http://de.dbpedia.org/resource/Rechnerverbund,
http://dbpedia.org/resource/Computer_cluster,Tool,http://dbpedia.org/resource/Aerospike_(database),http://de.dbpedia.org/resource/Rechnerverbund,
http://dbpedia.org/resource/Computer_cluster,Tool,http://dbpedia.org/resource/Apple_Qmaster,http://de.dbpedia.org/resource/Rechnerverbund,
http://dbpedia.org/resource/Computer_cluster,Tool,http://dbpedia.org/resource/Kubernetes,http://de.dbpedia.org/resource/Rechnerverbund,
http://dbpedia.org/resource/Computer_cluster,Tool,http://dbpedia.org/resource/OpenSAF,http://de.dbpedia.org/resource/Rechnerverbund,
http://dbpedia.org/resource/Computer_cluster,Tool,"http://dbpedia.org/resource/D2iQ,_Inc.__Datacenter_Operating_System__1",http://de.dbpedia.org/resource/Rechnerverbund,
http://dbpedia.org/resource/Business_process,Tool,http://dbpedia.org/resource/Apache_OFBiz,http://de.dbpedia.org/resource/Geschäftsprozess,http://de.dbpedia.org/resource/Apache_OFBiz
http://dbpedia.org/resource/Automatic_programming,Tool,http://dbpedia.org/resource/Acceleo,http://de.dbpedia.org/resource/Generative_Programmierung,
http://dbpedia.org/resource/3D_printing,Tool,http://dbpedia.org/resource/Desktop_Metal,http://de.dbpedia.org/resource/Kategorie:3D-Druck,
http://dbpedia.org/resource/3D_printing,Tool,http://dbpedia.org/resource/Slic3r,http://de.dbpedia.org/resource/Kategorie:3D-Druck,
http://dbpedia.org/resource/3D_printing,Tool,http://dbpedia.org/resource/Cura_(software),http://de.dbpedia.org/resource/Kategorie:3D-Druck,
http://dbpedia.org/resource/3D_printing,Tool,http://dbpedia.org/resource/Markforged,http://de.dbpedia.org/resource/Kategorie:3D-Druck,
http://dbpedia.org/resource/3D_printing,Tool,http://dbpedia.org/resource/Marlin_(firmware),http://de.dbpedia.org/resource/Kategorie:3D-Druck,
http://dbpedia.org/resource/3D_printing,Tool,http://dbpedia.org/resource/Objet_Geometries,http://de.dbpedia.org/resource/Kategorie:3D-Druck,
http://dbpedia.org/resource/3D_printing,Tool,http://dbpedia.org/resource/OctoPrint,http://de.dbpedia.org/resource/Kategorie:3D-Druck,
http://dbpedia.org/resource/3D_printing,Tool,http://dbpedia.org/resource/Repetier-Host,http://de.dbpedia.org/resource/Kategorie:3D-Druck,
http://dbpedia.org/resource/Elliptic_curve_cryptography,Tool,http://dbpedia.org/resource/FourQ,http://de.dbpedia.org/resource/Elliptic_Curve_Cryptography,
http://dbpedia.org/resource/PC_game,Tool,http://dbpedia.org/resource/Canard_PC,http://de.dbpedia.org/resource/PC-Spiel,
http://dbpedia.org/resource/PC_game,Tool,http://dbpedia.org/resource/PC_Gamer,http://de.dbpedia.org/resource/PC-Spiel,http://de.dbpedia.org/resource/PC_Gamer
http://dbpedia.org/resource/Data_compression,Tool,http://dbpedia.org/resource/Compressed_file_library,http://de.dbpedia.org/resource/Datenkompression,
http://dbpedia.org/resource/Data_compression,Tool,http://dbpedia.org/resource/Compressor_(software),http://de.dbpedia.org/resource/Datenkompression,
http://dbpedia.org/resource/Data_compression,Tool,http://dbpedia.org/resource/The_Unarchiver,http://de.dbpedia.org/resource/Datenkompression,http://de.dbpedia.org/resource/The_Unarchiver
http://dbpedia.org/resource/Data_compression,Tool,http://dbpedia.org/resource/Lempel���Ziv��,http://de.dbpedia.org/resource/Datenkompression,
http://dbpedia.org/resource/Data_compression,Tool,http://dbpedia.org/resource/Liblzg,http://de.dbpedia.org/resource/Datenkompression,
http://dbpedia.org/resource/Data_compression,Tool,http://dbpedia.org/resource/Libzip,http://de.dbpedia.org/resource/Datenkompression,
http://dbpedia.org/resource/Data_compression,Tool,http://dbpedia.org/resource/Lzip,http://de.dbpedia.org/resource/Datenkompression,http://de.dbpedia.org/resource/Lzip
http://dbpedia.org/resource/Data_compression,Tool,http://dbpedia.org/resource/Lzop,http://de.dbpedia.org/resource/Datenkompression,
http://dbpedia.org/resource/Data_compression,Tool,http://dbpedia.org/resource/Zopfli,http://de.dbpedia.org/resource/Datenkompression,http://de.dbpedia.org/resource/Zopfli
http://dbpedia.org/resource/Data_compression,Tool,http://dbpedia.org/resource/Zstd,http://de.dbpedia.org/resource/Datenkompression,
http://dbpedia.org/resource/Data_compression,Tool,http://dbpedia.org/resource/Brotli,http://de.dbpedia.org/resource/Datenkompression,http://de.dbpedia.org/resource/Brotli
http://dbpedia.org/resource/Data_compression,Tool,http://dbpedia.org/resource/Bzip2,http://de.dbpedia.org/resource/Datenkompression,http://de.dbpedia.org/resource/Bzip2
http://dbpedia.org/resource/Data_compression,Tool,http://dbpedia.org/resource/FAAC,http://de.dbpedia.org/resource/Datenkompression,
http://dbpedia.org/resource/Data_compression,Tool,http://dbpedia.org/resource/Gzip,http://de.dbpedia.org/resource/Datenkompression,http://de.dbpedia.org/resource/Gzip
http://dbpedia.org/resource/Data_compression,Tool,http://dbpedia.org/resource/LZ4_(compression_algorithm),http://de.dbpedia.org/resource/Datenkompression,http://de.dbpedia.org/resource/LZ4
http://dbpedia.org/resource/Data_compression,Tool,http://dbpedia.org/resource/LZFSE,http://de.dbpedia.org/resource/Datenkompression,
http://dbpedia.org/resource/Data_compression,Tool,http://dbpedia.org/resource/Zlib__zlib__1,http://de.dbpedia.org/resource/Datenkompression,
http://dbpedia.org/resource/Data_compression,Tool,http://dbpedia.org/resource/XZ_Utils,http://de.dbpedia.org/resource/Datenkompression,http://de.dbpedia.org/resource/XZ_Utils
http://dbpedia.org/resource/Data_compression,Tool,http://dbpedia.org/resource/PackIt,http://de.dbpedia.org/resource/Datenkompression,
http://dbpedia.org/resource/Data_compression,Tool,http://dbpedia.org/resource/Logic_Studio__Compressor__1,http://de.dbpedia.org/resource/Datenkompression,
http://dbpedia.org/resource/Data_compression,Tool,http://dbpedia.org/resource/Snappy_(compression)__Snappy__1,http://de.dbpedia.org/resource/Datenkompression,
http://dbpedia.org/resource/Information_retrieval,Tool,http://dbpedia.org/resource/Gensim,http://de.dbpedia.org/resource/Kategorie:Information_Retrieval,
http://dbpedia.org/resource/Information_retrieval,Tool,http://dbpedia.org/resource/Azure_Cognitive_Search,http://de.dbpedia.org/resource/Kategorie:Information_Retrieval,
http://dbpedia.org/resource/Linked_data,Tool,http://dbpedia.org/resource/UMBEL,http://de.dbpedia.org/resource/Linked_Open_Data,
http://dbpedia.org/resource/Linked_data,Tool,http://dbpedia.org/resource/Computer_Science_Ontology,http://de.dbpedia.org/resource/Linked_Open_Data,
http://dbpedia.org/resource/Linked_data,Tool,http://dbpedia.org/resource/Open_Semantic_Framework,http://de.dbpedia.org/resource/Linked_Open_Data,
http://dbpedia.org/resource/Linked_data,Tool,http://dbpedia.org/resource/BabelNet,http://de.dbpedia.org/resource/Linked_Open_Data,
http://dbpedia.org/resource/Linked_data,Tool,http://dbpedia.org/resource/YAGO_(database),http://de.dbpedia.org/resource/Linked_Open_Data,
http://dbpedia.org/resource/Marketing,Tool,http://dbpedia.org/resource/Promotional_Space,http://de.dbpedia.org/resource/Kategorie:Marketing,
http://dbpedia.org/resource/Marketing,Tool,http://dbpedia.org/resource/Horus_Music,http://de.dbpedia.org/resource/Kategorie:Marketing,
http://dbpedia.org/resource/Marketing,Tool,http://dbpedia.org/resource/Brandweek,http://de.dbpedia.org/resource/Kategorie:Marketing,
http://dbpedia.org/resource/Marketing,Tool,http://dbpedia.org/resource/Ad_Age,http://de.dbpedia.org/resource/Kategorie:Marketing,
http://dbpedia.org/resource/Marketing,Tool,http://dbpedia.org/resource/Twin_Planet,http://de.dbpedia.org/resource/Kategorie:Marketing,
http://dbpedia.org/resource/Public_key_infrastructure,Tool,http://dbpedia.org/resource/OpenXPKI,http://de.dbpedia.org/resource/Public-Key-Infrastruktur,
http://dbpedia.org/resource/Public_key_infrastructure,Tool,http://dbpedia.org/resource/EJBCA,http://de.dbpedia.org/resource/Public-Key-Infrastruktur,http://de.dbpedia.org/resource/Enterprise_JavaBeans_Certificate_Authority
http://dbpedia.org/resource/Public_key_infrastructure,Tool,http://dbpedia.org/resource/OpenIKED,http://de.dbpedia.org/resource/Public-Key-Infrastruktur,
http://dbpedia.org/resource/Medical_imaging,Tool,http://dbpedia.org/resource/MeVisLab,http://de.dbpedia.org/resource/Kategorie:Bildgebendes_Verfahren_(Medizin),
http://dbpedia.org/resource/Medical_imaging,Tool,http://dbpedia.org/resource/Studierfenster,http://de.dbpedia.org/resource/Kategorie:Bildgebendes_Verfahren_(Medizin),
http://dbpedia.org/resource/Social_network,Tool,http://dbpedia.org/resource/Blued_(app),http://de.dbpedia.org/resource/Soziales_Netzwerk_(Soziologie),
http://dbpedia.org/resource/Social_network,Tool,http://dbpedia.org/resource/KakaoStory,http://de.dbpedia.org/resource/Soziales_Netzwerk_(Soziologie),
http://dbpedia.org/resource/Social_network,Tool,http://dbpedia.org/resource/KakaoStyle,http://de.dbpedia.org/resource/Soziales_Netzwerk_(Soziologie),
http://dbpedia.org/resource/Social_network,Tool,http://dbpedia.org/resource/Jadaliyya,http://de.dbpedia.org/resource/Soziales_Netzwerk_(Soziologie),
http://dbpedia.org/resource/Web_cache,Tool,http://dbpedia.org/resource/Apache_Traffic_Server,http://de.dbpedia.org/resource/Browser-Cache,
http://dbpedia.org/resource/Web_cache,Tool,http://dbpedia.org/resource/NetCache,http://de.dbpedia.org/resource/Browser-Cache,
http://dbpedia.org/resource/Web_cache,Tool,http://dbpedia.org/resource/Polipo,http://de.dbpedia.org/resource/Browser-Cache,http://de.dbpedia.org/resource/Polipo
http://dbpedia.org/resource/Web_cache,Tool,http://dbpedia.org/resource/SquidNT,http://de.dbpedia.org/resource/Browser-Cache,
http://dbpedia.org/resource/Web_cache,Tool,http://dbpedia.org/resource/Microsoft_Forefront_Threat_Management_Gateway,http://de.dbpedia.org/resource/Browser-Cache,http://de.dbpedia.org/resource/Forefront_Threat_Management_Gateway
http://dbpedia.org/resource/Model-driven_architecture,Tool,http://dbpedia.org/resource/Capella_(engineering),http://de.dbpedia.org/resource/Modellgetriebene_Architektur,
http://dbpedia.org/resource/Authentication,Tool,http://dbpedia.org/resource/SQRL,http://de.dbpedia.org/resource/Authentifizierung,
http://dbpedia.org/resource/Signal_processing,Tool,http://dbpedia.org/resource/Measurement_Studio,http://de.dbpedia.org/resource/Kategorie:Signalverarbeitung,
http://dbpedia.org/resource/Signal_processing,Tool,http://dbpedia.org/resource/Fsc2,http://de.dbpedia.org/resource/Kategorie:Signalverarbeitung,
http://dbpedia.org/resource/Signal_processing,Tool,http://dbpedia.org/resource/Modular_Audio_Recognition_Framework,http://de.dbpedia.org/resource/Kategorie:Signalverarbeitung,http://de.dbpedia.org/resource/Modular_Audio_Recognition_Framework
http://dbpedia.org/resource/Signal_processing,Tool,http://dbpedia.org/resource/LabVIEW,http://de.dbpedia.org/resource/Kategorie:Signalverarbeitung,http://de.dbpedia.org/resource/LabVIEW
http://dbpedia.org/resource/Signal_processing,Tool,http://dbpedia.org/resource/LabWindows/CVI,http://de.dbpedia.org/resource/Kategorie:Signalverarbeitung,http://de.dbpedia.org/resource/LabWindows/CVI
http://dbpedia.org/resource/Signal_processing,Tool,http://dbpedia.org/resource/NU-Tech,http://de.dbpedia.org/resource/Kategorie:Signalverarbeitung,
http://dbpedia.org/resource/Debugging,Tool,http://dbpedia.org/resource/VisualVM,http://de.dbpedia.org/resource/Debuggen,
http://dbpedia.org/resource/Debugging,Tool,http://dbpedia.org/resource/Strace,http://de.dbpedia.org/resource/Debuggen,
http://dbpedia.org/resource/Debugging,Tool,http://dbpedia.org/resource/Cheat_Engine,http://de.dbpedia.org/resource/Debuggen,
http://dbpedia.org/resource/Web_service,Tool,http://dbpedia.org/resource/CaBIG,http://de.dbpedia.org/resource/Kategorie:Webservice,http://de.dbpedia.org/resource/Cancer_Biomedical_Informatics_Grid
http://dbpedia.org/resource/Web_service,Tool,http://dbpedia.org/resource/Fuse_Mediation_Router,http://de.dbpedia.org/resource/Kategorie:Webservice,
http://dbpedia.org/resource/Web_service,Tool,http://dbpedia.org/resource/CaBIG__caGrid__1,http://de.dbpedia.org/resource/Kategorie:Webservice,
http://dbpedia.org/resource/Web_service,Tool,http://dbpedia.org/resource/Apache_Axis,http://de.dbpedia.org/resource/Kategorie:Webservice,http://de.dbpedia.org/resource/Apache_Axis
http://dbpedia.org/resource/Web_service,Tool,http://dbpedia.org/resource/Apache_Axis2,http://de.dbpedia.org/resource/Kategorie:Webservice,
http://dbpedia.org/resource/Web_service,Tool,http://dbpedia.org/resource/Fuse_Services_Framework,http://de.dbpedia.org/resource/Kategorie:Webservice,
http://dbpedia.org/resource/Web_service,Tool,http://dbpedia.org/resource/Eclipse_Metro,http://de.dbpedia.org/resource/Kategorie:Webservice,
http://dbpedia.org/resource/Web_service,Tool,http://dbpedia.org/resource/Hessian_(Web_service_protocol),http://de.dbpedia.org/resource/Kategorie:Webservice,http://de.dbpedia.org/resource/Hessian_(Webprotokoll)
http://dbpedia.org/resource/Web_service,Tool,http://dbpedia.org/resource/Karelia_Watson,http://de.dbpedia.org/resource/Kategorie:Webservice,
http://dbpedia.org/resource/Web_service,Tool,http://dbpedia.org/resource/IBM_cloud_computing,http://de.dbpedia.org/resource/Kategorie:Webservice,
http://dbpedia.org/resource/Web_service,Tool,http://dbpedia.org/resource/Open_Build_Service,http://de.dbpedia.org/resource/Kategorie:Webservice,http://de.dbpedia.org/resource/Open_Build_Service
http://dbpedia.org/resource/Web_service,Tool,http://dbpedia.org/resource/Oracle_Cloud,http://de.dbpedia.org/resource/Kategorie:Webservice,
http://dbpedia.org/resource/Web_service,Tool,http://dbpedia.org/resource/Microsoft_Azure__Microsoft_Azure__1,http://de.dbpedia.org/resource/Kategorie:Webservice,
http://dbpedia.org/resource/Algorithm,Tool,http://dbpedia.org/resource/ProBiS,http://de.dbpedia.org/resource/Algorithmus,
http://dbpedia.org/resource/Computer-aided_manufacturing,Tool,http://dbpedia.org/resource/PowerMILL,http://de.dbpedia.org/resource/Computer-aided_manufacturing,
http://dbpedia.org/resource/Computer-aided_manufacturing,Tool,http://dbpedia.org/resource/VariCAD,http://de.dbpedia.org/resource/Computer-aided_manufacturing,http://de.dbpedia.org/resource/VariCAD
http://dbpedia.org/resource/Computer-aided_manufacturing,Tool,http://dbpedia.org/resource/VoluMill,http://de.dbpedia.org/resource/Computer-aided_manufacturing,
http://dbpedia.org/resource/Computer-aided_manufacturing,Tool,http://dbpedia.org/resource/FreeCAD,http://de.dbpedia.org/resource/Computer-aided_manufacturing,http://de.dbpedia.org/resource/FreeCAD
http://dbpedia.org/resource/Computer-aided_manufacturing,Tool,http://dbpedia.org/resource/Fusion_360,http://de.dbpedia.org/resource/Computer-aided_manufacturing,
http://dbpedia.org/resource/Computer-aided_manufacturing,Tool,http://dbpedia.org/resource/Cadwork,http://de.dbpedia.org/resource/Computer-aided_manufacturing,http://de.dbpedia.org/resource/Cadwork
http://dbpedia.org/resource/Computer-aided_manufacturing,Tool,http://dbpedia.org/resource/Siemens_NX,http://de.dbpedia.org/resource/Computer-aided_manufacturing,http://de.dbpedia.org/resource/NX_(Siemens)
http://dbpedia.org/resource/Computer-aided_manufacturing,Tool,http://dbpedia.org/resource/C3D_Toolkit,http://de.dbpedia.org/resource/Computer-aided_manufacturing,
http://dbpedia.org/resource/Computer-aided_manufacturing,Tool,http://dbpedia.org/resource/CADSTAR,http://de.dbpedia.org/resource/Computer-aided_manufacturing,
http://dbpedia.org/resource/Computer-aided_manufacturing,Tool,http://dbpedia.org/resource/CATIA,http://de.dbpedia.org/resource/Computer-aided_manufacturing,http://de.dbpedia.org/resource/CATIA
http://dbpedia.org/resource/Computer-aided_manufacturing,Tool,http://dbpedia.org/resource/Altium_Designer,http://de.dbpedia.org/resource/Computer-aided_manufacturing,http://de.dbpedia.org/resource/Altium_Designer
http://dbpedia.org/resource/Computer-aided_manufacturing,Tool,http://dbpedia.org/resource/EAGLE_(program),http://de.dbpedia.org/resource/Computer-aided_manufacturing,http://de.dbpedia.org/resource/Eagle_(Software)
http://dbpedia.org/resource/Computer-aided_manufacturing,Tool,http://dbpedia.org/resource/PTC_Creo_Elements/Pro,http://de.dbpedia.org/resource/Computer-aided_manufacturing,http://de.dbpedia.org/resource/Creo_Elements/Direct_Modeling
http://dbpedia.org/resource/Computer-aided_manufacturing,Tool,http://dbpedia.org/resource/SprutCAM,http://de.dbpedia.org/resource/Computer-aided_manufacturing,
http://dbpedia.org/resource/Computer-aided_manufacturing,Tool,http://dbpedia.org/resource/Open_Cascade_Technology,http://de.dbpedia.org/resource/Computer-aided_manufacturing,http://de.dbpedia.org/resource/Open_CASCADE_Technology
http://dbpedia.org/resource/Computer-aided_manufacturing,Tool,http://dbpedia.org/resource/NCSIMUL,http://de.dbpedia.org/resource/Computer-aided_manufacturing,
http://dbpedia.org/resource/Metadata,Tool,http://dbpedia.org/resource/Nirvana_(software),http://de.dbpedia.org/resource/Metadaten,
http://dbpedia.org/resource/Peer-to-peer,Tool,http://dbpedia.org/resource/TomP2P,http://de.dbpedia.org/resource/Kategorie:Peer-to-Peer,
http://dbpedia.org/resource/Peer-to-peer,Tool,http://dbpedia.org/resource/Freenet,http://de.dbpedia.org/resource/Kategorie:Peer-to-Peer,
http://dbpedia.org/resource/Peer-to-peer,Tool,http://dbpedia.org/resource/GiFT,http://de.dbpedia.org/resource/Kategorie:Peer-to-Peer,http://de.dbpedia.org/resource/GiFT
http://dbpedia.org/resource/Peer-to-peer,Tool,http://dbpedia.org/resource/Gizmo5,http://de.dbpedia.org/resource/Kategorie:Peer-to-Peer,http://de.dbpedia.org/resource/Gizmo5
http://dbpedia.org/resource/Peer-to-peer,Tool,http://dbpedia.org/resource/Morpheus_(software),http://de.dbpedia.org/resource/Kategorie:Peer-to-Peer,http://de.dbpedia.org/resource/Morpheus_(Filesharing-Client)
http://dbpedia.org/resource/Peer-to-peer,Tool,http://dbpedia.org/resource/Wengo,http://de.dbpedia.org/resource/Kategorie:Peer-to-Peer,
http://dbpedia.org/resource/Peer-to-peer,Tool,http://dbpedia.org/resource/AnoNet,http://de.dbpedia.org/resource/Kategorie:Peer-to-Peer,
http://dbpedia.org/resource/Peer-to-peer,Tool,http://dbpedia.org/resource/LogMeIn_Hamachi,http://de.dbpedia.org/resource/Kategorie:Peer-to-Peer,http://de.dbpedia.org/resource/LogMeIn_Hamachi
http://dbpedia.org/resource/Peer-to-peer,Tool,http://dbpedia.org/resource/MLDonkey,http://de.dbpedia.org/resource/Kategorie:Peer-to-Peer,http://de.dbpedia.org/resource/MLDonkey
http://dbpedia.org/resource/Peer-to-peer,Tool,http://dbpedia.org/resource/Tapestry_(DHT),http://de.dbpedia.org/resource/Kategorie:Peer-to-Peer,
http://dbpedia.org/resource/Peer-to-peer,Tool,http://dbpedia.org/resource/DC++,http://de.dbpedia.org/resource/Kategorie:Peer-to-Peer,http://de.dbpedia.org/resource/DC++
http://dbpedia.org/resource/Peer-to-peer,Tool,http://dbpedia.org/resource/EDonkey2000,http://de.dbpedia.org/resource/Kategorie:Peer-to-Peer,http://de.dbpedia.org/resource/Kategorie:EDonkey2000
http://dbpedia.org/resource/Peer-to-peer,Tool,http://dbpedia.org/resource/PPS.tv,http://de.dbpedia.org/resource/Kategorie:Peer-to-Peer,
http://dbpedia.org/resource/Peer-to-peer,Tool,http://dbpedia.org/resource/JMule,http://de.dbpedia.org/resource/Kategorie:Peer-to-Peer,
http://dbpedia.org/resource/Peer-to-peer,Tool,http://dbpedia.org/resource/Kazaa,http://de.dbpedia.org/resource/Kategorie:Peer-to-Peer,http://de.dbpedia.org/resource/Kazaa
http://dbpedia.org/resource/Peer-to-peer,Tool,http://dbpedia.org/resource/LMule,http://de.dbpedia.org/resource/Kategorie:Peer-to-Peer,
http://dbpedia.org/resource/Peer-to-peer,Tool,http://dbpedia.org/resource/CoDeeN,http://de.dbpedia.org/resource/Kategorie:Peer-to-Peer,
http://dbpedia.org/resource/Peer-to-peer,Tool,http://dbpedia.org/resource/JXTA,http://de.dbpedia.org/resource/Kategorie:Peer-to-Peer,http://de.dbpedia.org/resource/JXTA
http://dbpedia.org/resource/Peer-to-peer,Tool,http://dbpedia.org/resource/ZeroTier__One__1,http://de.dbpedia.org/resource/Kategorie:Peer-to-Peer,
http://dbpedia.org/resource/Peer-to-peer,Tool,http://dbpedia.org/resource/Popcorn_Time,http://de.dbpedia.org/resource/Kategorie:Peer-to-Peer,
http://dbpedia.org/resource/Peer-to-peer,Tool,http://dbpedia.org/resource/Spread_Toolkit,http://de.dbpedia.org/resource/Kategorie:Peer-to-Peer,
http://dbpedia.org/resource/Peer-to-peer,Tool,http://dbpedia.org/resource/I2P,http://de.dbpedia.org/resource/Kategorie:Peer-to-Peer,http://de.dbpedia.org/resource/I2P
http://dbpedia.org/resource/Peer-to-peer,Tool,http://dbpedia.org/resource/IMesh,http://de.dbpedia.org/resource/Kategorie:Peer-to-Peer,
http://dbpedia.org/resource/Peer-to-peer,Tool,http://dbpedia.org/resource/Solipsis,http://de.dbpedia.org/resource/Kategorie:Peer-to-Peer,
http://dbpedia.org/resource/Peer-to-peer,Tool,http://dbpedia.org/resource/Tailscale__Tailscale__1,http://de.dbpedia.org/resource/Kategorie:Peer-to-Peer,
http://dbpedia.org/resource/Artificial_intelligence,Tool,http://dbpedia.org/resource/UMBEL,http://de.dbpedia.org/resource/Kategorie:Künstliche_Intelligenz,
http://dbpedia.org/resource/Artificial_intelligence,Tool,http://dbpedia.org/resource/Deeplearning4j,http://de.dbpedia.org/resource/Kategorie:Künstliche_Intelligenz,
http://dbpedia.org/resource/Artificial_intelligence,Tool,http://dbpedia.org/resource/Horovod_(machine_learning),http://de.dbpedia.org/resource/Kategorie:Künstliche_Intelligenz,
http://dbpedia.org/resource/Artificial_intelligence,Tool,http://dbpedia.org/resource/Megvii,http://de.dbpedia.org/resource/Kategorie:Künstliche_Intelligenz,
http://dbpedia.org/resource/Artificial_intelligence,Tool,http://dbpedia.org/resource/Modular_Audio_Recognition_Framework,http://de.dbpedia.org/resource/Kategorie:Künstliche_Intelligenz,http://de.dbpedia.org/resource/Modular_Audio_Recognition_Framework
http://dbpedia.org/resource/Artificial_intelligence,Tool,http://dbpedia.org/resource/Zo_(bot),http://de.dbpedia.org/resource/Kategorie:Künstliche_Intelligenz,
http://dbpedia.org/resource/Artificial_intelligence,Tool,http://dbpedia.org/resource/Bruno_Sartori,http://de.dbpedia.org/resource/Kategorie:Künstliche_Intelligenz,
http://dbpedia.org/resource/Artificial_intelligence,Tool,http://dbpedia.org/resource/Celia_(virtual_assistant),http://de.dbpedia.org/resource/Kategorie:Künstliche_Intelligenz,
http://dbpedia.org/resource/Artificial_intelligence,Tool,http://dbpedia.org/resource/ADS-AC,http://de.dbpedia.org/resource/Kategorie:Künstliche_Intelligenz,
http://dbpedia.org/resource/Artificial_intelligence,Tool,http://dbpedia.org/resource/Afiniti,http://de.dbpedia.org/resource/Kategorie:Künstliche_Intelligenz,
http://dbpedia.org/resource/Artificial_intelligence,Tool,http://dbpedia.org/resource/Tay_(bot),http://de.dbpedia.org/resource/Kategorie:Künstliche_Intelligenz,
http://dbpedia.org/resource/Artificial_intelligence,Tool,http://dbpedia.org/resource/Open_Neural_Network_Exchange,http://de.dbpedia.org/resource/Kategorie:Künstliche_Intelligenz,
http://dbpedia.org/resource/Artificial_intelligence,Tool,http://dbpedia.org/resource/Your.MD,http://de.dbpedia.org/resource/Kategorie:Künstliche_Intelligenz,
http://dbpedia.org/resource/Web_service,Tool,http://dbpedia.org/resource/CaBIG,http://de.dbpedia.org/resource/Kategorie:Webservice,http://de.dbpedia.org/resource/Cancer_Biomedical_Informatics_Grid
http://dbpedia.org/resource/Web_service,Tool,http://dbpedia.org/resource/Fuse_Mediation_Router,http://de.dbpedia.org/resource/Kategorie:Webservice,
http://dbpedia.org/resource/Web_service,Tool,http://dbpedia.org/resource/CaBIG__caGrid__1,http://de.dbpedia.org/resource/Kategorie:Webservice,
http://dbpedia.org/resource/Web_service,Tool,http://dbpedia.org/resource/Apache_Axis,http://de.dbpedia.org/resource/Kategorie:Webservice,http://de.dbpedia.org/resource/Apache_Axis
http://dbpedia.org/resource/Web_service,Tool,http://dbpedia.org/resource/Apache_Axis2,http://de.dbpedia.org/resource/Kategorie:Webservice,
http://dbpedia.org/resource/Web_service,Tool,http://dbpedia.org/resource/Fuse_Services_Framework,http://de.dbpedia.org/resource/Kategorie:Webservice,
http://dbpedia.org/resource/Web_service,Tool,http://dbpedia.org/resource/Eclipse_Metro,http://de.dbpedia.org/resource/Kategorie:Webservice,
http://dbpedia.org/resource/Web_service,Tool,http://dbpedia.org/resource/Hessian_(Web_service_protocol),http://de.dbpedia.org/resource/Kategorie:Webservice,http://de.dbpedia.org/resource/Hessian_(Webprotokoll)
http://dbpedia.org/resource/Web_service,Tool,http://dbpedia.org/resource/Karelia_Watson,http://de.dbpedia.org/resource/Kategorie:Webservice,
http://dbpedia.org/resource/Web_service,Tool,http://dbpedia.org/resource/IBM_cloud_computing,http://de.dbpedia.org/resource/Kategorie:Webservice,
http://dbpedia.org/resource/Web_service,Tool,http://dbpedia.org/resource/Open_Build_Service,http://de.dbpedia.org/resource/Kategorie:Webservice,http://de.dbpedia.org/resource/Open_Build_Service
http://dbpedia.org/resource/Web_service,Tool,http://dbpedia.org/resource/Oracle_Cloud,http://de.dbpedia.org/resource/Kategorie:Webservice,
http://dbpedia.org/resource/Web_service,Tool,http://dbpedia.org/resource/Microsoft_Azure__Microsoft_Azure__1,http://de.dbpedia.org/resource/Kategorie:Webservice,
http://dbpedia.org/resource/Multimedia,Tool,http://dbpedia.org/resource/MediaLib,http://de.dbpedia.org/resource/Kategorie:Multimedia,
http://dbpedia.org/resource/Multimedia,Tool,http://dbpedia.org/resource/QuarkImmedia,http://de.dbpedia.org/resource/Kategorie:Multimedia,http://de.dbpedia.org/resource/QuarkImmedia
http://dbpedia.org/resource/Multimedia,Tool,http://dbpedia.org/resource/Lightspark,http://de.dbpedia.org/resource/Kategorie:Multimedia,http://de.dbpedia.org/resource/Lightspark
http://dbpedia.org/resource/Multimedia,Tool,http://dbpedia.org/resource/MKVToolNix,http://de.dbpedia.org/resource/Kategorie:Multimedia,http://de.dbpedia.org/resource/MKVToolNix
http://dbpedia.org/resource/Multimedia,Tool,http://dbpedia.org/resource/Snow_(app),http://de.dbpedia.org/resource/Kategorie:Multimedia,
http://dbpedia.org/resource/Multimedia,Tool,http://dbpedia.org/resource/Adobe_Scout,http://de.dbpedia.org/resource/Kategorie:Multimedia,
http://dbpedia.org/resource/Multimedia,Tool,http://dbpedia.org/resource/Allegro_(software_library),http://de.dbpedia.org/resource/Kategorie:Multimedia,
http://dbpedia.org/resource/Multimedia,Tool,http://dbpedia.org/resource/DIPS_(Digital_Image_Processing_with_Sound),http://de.dbpedia.org/resource/Kategorie:Multimedia,
http://dbpedia.org/resource/Multimedia,Tool,http://dbpedia.org/resource/Echo_Lake_(software),http://de.dbpedia.org/resource/Kategorie:Multimedia,
http://dbpedia.org/resource/Multimedia,Tool,http://dbpedia.org/resource/Hike_Messenger,http://de.dbpedia.org/resource/Kategorie:Multimedia,http://de.dbpedia.org/resource/Hike_(Messenger)
http://dbpedia.org/resource/Multimedia,Tool,http://dbpedia.org/resource/John_Kaefer,http://de.dbpedia.org/resource/Kategorie:Multimedia,
http://dbpedia.org/resource/Multimedia,Tool,http://dbpedia.org/resource/Marios_Joannou_Elia,http://de.dbpedia.org/resource/Kategorie:Multimedia,http://de.dbpedia.org/resource/Kategorie:Marios_Joannou_Elia
http://dbpedia.org/resource/Multimedia,Tool,http://dbpedia.org/resource/CD-ROM_Today,http://de.dbpedia.org/resource/Kategorie:Multimedia,
http://dbpedia.org/resource/Multimedia,Tool,http://dbpedia.org/resource/Korsakow,http://de.dbpedia.org/resource/Kategorie:Multimedia,
http://dbpedia.org/resource/Multimedia,Tool,http://dbpedia.org/resource/SecureTribe,http://de.dbpedia.org/resource/Kategorie:Multimedia,
http://dbpedia.org/resource/Multimedia,Tool,http://dbpedia.org/resource/Vspeech,http://de.dbpedia.org/resource/Kategorie:Multimedia,
http://dbpedia.org/resource/Multimedia,Tool,http://dbpedia.org/resource/Adobe_Animate__Adobe_Animate__1,http://de.dbpedia.org/resource/Kategorie:Multimedia,
http://dbpedia.org/resource/Multimedia,Tool,http://dbpedia.org/resource/Max_(software)__Max__1,http://de.dbpedia.org/resource/Kategorie:Multimedia,
http://dbpedia.org/resource/Speech_synthesis,Tool,http://dbpedia.org/resource/Vocaloid,http://de.dbpedia.org/resource/Sprachsynthese,http://de.dbpedia.org/resource/Vocaloid
http://dbpedia.org/resource/Speech_synthesis,Tool,http://dbpedia.org/resource/FreeTTS,http://de.dbpedia.org/resource/Sprachsynthese,http://de.dbpedia.org/resource/FreeTTS
http://dbpedia.org/resource/Speech_synthesis,Tool,http://dbpedia.org/resource/ESpeak,http://de.dbpedia.org/resource/Sprachsynthese,
http://dbpedia.org/resource/Speech_synthesis,Tool,http://dbpedia.org/resource/Amazon_Polly,http://de.dbpedia.org/resource/Sprachsynthese,
http://dbpedia.org/resource/Speech_synthesis,Tool,http://dbpedia.org/resource/Software_Automatic_Mouth,http://de.dbpedia.org/resource/Sprachsynthese,
http://dbpedia.org/resource/Speech_synthesis,Tool,http://dbpedia.org/resource/Vocaloid__VocaloWitter__1,http://de.dbpedia.org/resource/Sprachsynthese,
http://dbpedia.org/resource/Inference_engine,Tool,http://dbpedia.org/resource/Cyc,http://de.dbpedia.org/resource/Inferenzmaschine,http://de.dbpedia.org/resource/Cyc
http://dbpedia.org/resource/Credit_card,Tool,http://dbpedia.org/resource/Discover_Card,http://de.dbpedia.org/resource/Kategorie:Kreditkarte,http://de.dbpedia.org/resource/Discover_Card
http://dbpedia.org/resource/Computer_virus,Tool,http://dbpedia.org/resource/Cascade_(computer_virus),http://de.dbpedia.org/resource/Computervirus,
http://dbpedia.org/resource/Computer_virus,Tool,http://dbpedia.org/resource/Ghostball_(computer_virus),http://de.dbpedia.org/resource/Computervirus,
http://dbpedia.org/resource/Parsing,Tool,http://dbpedia.org/resource/Jsoup,http://de.dbpedia.org/resource/Parser,
http://dbpedia.org/resource/Data_compression,Tool,http://dbpedia.org/resource/Compressed_file_library,http://de.dbpedia.org/resource/Datenkompression,
http://dbpedia.org/resource/Data_compression,Tool,http://dbpedia.org/resource/Compressor_(software),http://de.dbpedia.org/resource/Datenkompression,
http://dbpedia.org/resource/Data_compression,Tool,http://dbpedia.org/resource/The_Unarchiver,http://de.dbpedia.org/resource/Datenkompression,http://de.dbpedia.org/resource/The_Unarchiver
http://dbpedia.org/resource/Data_compression,Tool,http://dbpedia.org/resource/Lempel���Ziv��,http://de.dbpedia.org/resource/Datenkompression,
http://dbpedia.org/resource/Data_compression,Tool,http://dbpedia.org/resource/Liblzg,http://de.dbpedia.org/resource/Datenkompression,
http://dbpedia.org/resource/Data_compression,Tool,http://dbpedia.org/resource/Libzip,http://de.dbpedia.org/resource/Datenkompression,
http://dbpedia.org/resource/Data_compression,Tool,http://dbpedia.org/resource/Lzip,http://de.dbpedia.org/resource/Datenkompression,http://de.dbpedia.org/resource/Lzip
http://dbpedia.org/resource/Data_compression,Tool,http://dbpedia.org/resource/Lzop,http://de.dbpedia.org/resource/Datenkompression,
http://dbpedia.org/resource/Data_compression,Tool,http://dbpedia.org/resource/Zopfli,http://de.dbpedia.org/resource/Datenkompression,http://de.dbpedia.org/resource/Zopfli
http://dbpedia.org/resource/Data_compression,Tool,http://dbpedia.org/resource/Zstd,http://de.dbpedia.org/resource/Datenkompression,
http://dbpedia.org/resource/Data_compression,Tool,http://dbpedia.org/resource/Brotli,http://de.dbpedia.org/resource/Datenkompression,http://de.dbpedia.org/resource/Brotli
http://dbpedia.org/resource/Data_compression,Tool,http://dbpedia.org/resource/Bzip2,http://de.dbpedia.org/resource/Datenkompression,http://de.dbpedia.org/resource/Bzip2
http://dbpedia.org/resource/Data_compression,Tool,http://dbpedia.org/resource/FAAC,http://de.dbpedia.org/resource/Datenkompression,
http://dbpedia.org/resource/Data_compression,Tool,http://dbpedia.org/resource/Gzip,http://de.dbpedia.org/resource/Datenkompression,http://de.dbpedia.org/resource/Gzip
http://dbpedia.org/resource/Data_compression,Tool,http://dbpedia.org/resource/LZ4_(compression_algorithm),http://de.dbpedia.org/resource/Datenkompression,http://de.dbpedia.org/resource/LZ4
http://dbpedia.org/resource/Data_compression,Tool,http://dbpedia.org/resource/LZFSE,http://de.dbpedia.org/resource/Datenkompression,
http://dbpedia.org/resource/Data_compression,Tool,http://dbpedia.org/resource/Zlib__zlib__1,http://de.dbpedia.org/resource/Datenkompression,
http://dbpedia.org/resource/Data_compression,Tool,http://dbpedia.org/resource/XZ_Utils,http://de.dbpedia.org/resource/Datenkompression,http://de.dbpedia.org/resource/XZ_Utils
http://dbpedia.org/resource/Data_compression,Tool,http://dbpedia.org/resource/PackIt,http://de.dbpedia.org/resource/Datenkompression,
http://dbpedia.org/resource/Data_compression,Tool,http://dbpedia.org/resource/Logic_Studio__Compressor__1,http://de.dbpedia.org/resource/Datenkompression,
http://dbpedia.org/resource/Data_compression,Tool,http://dbpedia.org/resource/Snappy_(compression)__Snappy__1,http://de.dbpedia.org/resource/Datenkompression,
http://dbpedia.org/resource/Image_compression,Tool,http://dbpedia.org/resource/Pngcrush,http://de.dbpedia.org/resource/Bildkompression,http://de.dbpedia.org/resource/Pngcrush
http://dbpedia.org/resource/Collaborative_software,Tool,http://dbpedia.org/resource/ProtoShare,http://de.dbpedia.org/resource/Groupware,
http://dbpedia.org/resource/Collaborative_software,Tool,http://dbpedia.org/resource/BigBlueButton,http://de.dbpedia.org/resource/Groupware,
http://dbpedia.org/resource/Collaborative_software,Tool,http://dbpedia.org/resource/ERoom,http://de.dbpedia.org/resource/Groupware,
http://dbpedia.org/resource/Collaborative_software,Tool,http://dbpedia.org/resource/Nuclino,http://de.dbpedia.org/resource/Groupware,
http://dbpedia.org/resource/Collaborative_software,Tool,http://dbpedia.org/resource/Confluence_(software),http://de.dbpedia.org/resource/Groupware,http://de.dbpedia.org/resource/Confluence_(Atlassian)
http://dbpedia.org/resource/Collaborative_software,Tool,http://dbpedia.org/resource/Notion_(productivity_software),http://de.dbpedia.org/resource/Groupware,
http://dbpedia.org/resource/Collaborative_software,Tool,http://dbpedia.org/resource/Coda_(document_editor),http://de.dbpedia.org/resource/Groupware,
http://dbpedia.org/resource/Collaborative_software,Tool,http://dbpedia.org/resource/Coggle,http://de.dbpedia.org/resource/Groupware,
http://dbpedia.org/resource/Collaborative_software,Tool,http://dbpedia.org/resource/Google_Docs,http://de.dbpedia.org/resource/Groupware,http://de.dbpedia.org/resource/Google_Docs
http://dbpedia.org/resource/Collaborative_software,Tool,http://dbpedia.org/resource/Google_Docs_Editors,http://de.dbpedia.org/resource/Groupware,
http://dbpedia.org/resource/Collaborative_software,Tool,http://dbpedia.org/resource/Google_Public_Data_Explorer,http://de.dbpedia.org/resource/Groupware,
http://dbpedia.org/resource/Collaborative_software,Tool,http://dbpedia.org/resource/Google_Sheets,http://de.dbpedia.org/resource/Groupware,
http://dbpedia.org/resource/Collaborative_software,Tool,http://dbpedia.org/resource/Google_Slides,http://de.dbpedia.org/resource/Groupware,
http://dbpedia.org/resource/Collaborative_software,Tool,http://dbpedia.org/resource/LiquidPlanner,http://de.dbpedia.org/resource/Groupware,
http://dbpedia.org/resource/Collaborative_software,Tool,http://dbpedia.org/resource/MDaemon,http://de.dbpedia.org/resource/Groupware,
http://dbpedia.org/resource/Collaborative_software,Tool,http://dbpedia.org/resource/Mailsite,http://de.dbpedia.org/resource/Groupware,
http://dbpedia.org/resource/Collaborative_software,Tool,http://dbpedia.org/resource/Skype_for_Business_Server,http://de.dbpedia.org/resource/Groupware,
http://dbpedia.org/resource/Collaborative_software,Tool,http://dbpedia.org/resource/Slack_(software),http://de.dbpedia.org/resource/Groupware,http://de.dbpedia.org/resource/Slack_(Software)
http://dbpedia.org/resource/Collaborative_software,Tool,http://dbpedia.org/resource/Colligo_Contributor,http://de.dbpedia.org/resource/Groupware,
http://dbpedia.org/resource/Collaborative_software,Tool,http://dbpedia.org/resource/Zarafa_(software),http://de.dbpedia.org/resource/Groupware,http://de.dbpedia.org/resource/Zarafa_(Software)
http://dbpedia.org/resource/Collaborative_software,Tool,http://dbpedia.org/resource/Zimbra,http://de.dbpedia.org/resource/Groupware,http://de.dbpedia.org/resource/Zimbra
http://dbpedia.org/resource/Collaborative_software,Tool,http://dbpedia.org/resource/Zulip,http://de.dbpedia.org/resource/Groupware,
http://dbpedia.org/resource/Collaborative_software,Tool,http://dbpedia.org/resource/Trello,http://de.dbpedia.org/resource/Groupware,http://de.dbpedia.org/resource/Trello
http://dbpedia.org/resource/Collaborative_software,Tool,http://dbpedia.org/resource/Adobe_Connect,http://de.dbpedia.org/resource/Groupware,
http://dbpedia.org/resource/Collaborative_software,Tool,http://dbpedia.org/resource/Adobe_LiveCycle,http://de.dbpedia.org/resource/Groupware,
http://dbpedia.org/resource/Collaborative_software,Tool,http://dbpedia.org/resource/Cyn.in,http://de.dbpedia.org/resource/Groupware,
http://dbpedia.org/resource/Collaborative_software,Tool,http://dbpedia.org/resource/Figma_(software),http://de.dbpedia.org/resource/Groupware,
http://dbpedia.org/resource/Collaborative_software,Tool,http://dbpedia.org/resource/Central_Desktop,http://de.dbpedia.org/resource/Groupware,
http://dbpedia.org/resource/Collaborative_software,Tool,http://dbpedia.org/resource/Flock_(messaging_service),http://de.dbpedia.org/resource/Groupware,
http://dbpedia.org/resource/Collaborative_software,Tool,http://dbpedia.org/resource/GroupWise,http://de.dbpedia.org/resource/Groupware,http://de.dbpedia.org/resource/GroupWise
http://dbpedia.org/resource/Collaborative_software,Tool,http://dbpedia.org/resource/HCL_Domino,http://de.dbpedia.org/resource/Groupware,
http://dbpedia.org/resource/Collaborative_software,Tool,http://dbpedia.org/resource/HeySpace,http://de.dbpedia.org/resource/Groupware,
http://dbpedia.org/resource/Collaborative_software,Tool,http://dbpedia.org/resource/Telligent_Community,http://de.dbpedia.org/resource/Groupware,
http://dbpedia.org/resource/Collaborative_software,Tool,http://dbpedia.org/resource/HyperOffice,http://de.dbpedia.org/resource/Groupware,
http://dbpedia.org/resource/Collaborative_software,Tool,http://dbpedia.org/resource/Lark_(software),http://de.dbpedia.org/resource/Groupware,
http://dbpedia.org/resource/Collaborative_software,Tool,http://dbpedia.org/resource/Tables_(Google),http://de.dbpedia.org/resource/Groupware,
http://dbpedia.org/resource/Collaborative_software,Tool,http://dbpedia.org/resource/Taskworld,http://de.dbpedia.org/resource/Groupware,
http://dbpedia.org/resource/Collaborative_software,Tool,http://dbpedia.org/resource/Kolab,http://de.dbpedia.org/resource/Groupware,http://de.dbpedia.org/resource/Kolab
http://dbpedia.org/resource/Collaborative_software,Tool,http://dbpedia.org/resource/Kopano_(software),http://de.dbpedia.org/resource/Groupware,
http://dbpedia.org/resource/Collaborative_software,Tool,http://dbpedia.org/resource/Microsoft_Exchange_Server,http://de.dbpedia.org/resource/Groupware,http://de.dbpedia.org/resource/Microsoft_Exchange_Server
http://dbpedia.org/resource/Collaborative_software,Tool,http://dbpedia.org/resource/Microsoft_InfoPath,http://de.dbpedia.org/resource/Groupware,http://de.dbpedia.org/resource/Microsoft_InfoPath
http://dbpedia.org/resource/Collaborative_software,Tool,http://dbpedia.org/resource/Microsoft_SharePoint_Workspace,http://de.dbpedia.org/resource/Groupware,http://de.dbpedia.org/resource/Microsoft_Groove
http://dbpedia.org/resource/Collaborative_software,Tool,http://dbpedia.org/resource/Microsoft_Teams,http://de.dbpedia.org/resource/Groupware,
http://dbpedia.org/resource/Collaborative_software,Tool,http://dbpedia.org/resource/Oracle_Intelligent_Advisor,http://de.dbpedia.org/resource/Groupware,
http://dbpedia.org/resource/Collaborative_software,Tool,http://dbpedia.org/resource/Workfront,http://de.dbpedia.org/resource/Groupware,
http://dbpedia.org/resource/Collaborative_software,Tool,http://dbpedia.org/resource/Workplace_(software),http://de.dbpedia.org/resource/Groupware,
http://dbpedia.org/resource/Collaborative_software,Tool,http://dbpedia.org/resource/Oracle_Beehive,http://de.dbpedia.org/resource/Groupware,
http://dbpedia.org/resource/Collaborative_software,Tool,http://dbpedia.org/resource/IBM_Notes_Traveler,http://de.dbpedia.org/resource/Groupware,
http://dbpedia.org/resource/Collaborative_software,Tool,http://dbpedia.org/resource/IMeet,http://de.dbpedia.org/resource/Groupware,
http://dbpedia.org/resource/Collaborative_software,Tool,http://dbpedia.org/resource/PocketGenie,http://de.dbpedia.org/resource/Groupware,
http://dbpedia.org/resource/Collaborative_software,Tool,http://dbpedia.org/resource/Fle3,http://de.dbpedia.org/resource/Groupware,
http://dbpedia.org/resource/Collaborative_software,Tool,http://dbpedia.org/resource/Telligent_Systems__Telligent_Analytics__1,http://de.dbpedia.org/resource/Groupware,
http://dbpedia.org/resource/Collaborative_software,Tool,http://dbpedia.org/resource/Google_Forms__Google_Forms__1,http://de.dbpedia.org/resource/Groupware,
http://dbpedia.org/resource/Electronic_health_record,Tool,http://dbpedia.org/resource/OpenMRS,http://de.dbpedia.org/resource/Elektronische_Gesundheitsakte,
http://dbpedia.org/resource/Hypermedia,Tool,http://dbpedia.org/resource/HyperCard,http://de.dbpedia.org/resource/Hypermedia,http://de.dbpedia.org/resource/HyperCard
http://dbpedia.org/resource/Hypermedia,Tool,http://dbpedia.org/resource/Oracle_Media_Objects,http://de.dbpedia.org/resource/Hypermedia,
http://dbpedia.org/resource/Hypermedia,Tool,http://dbpedia.org/resource/SuperCard,http://de.dbpedia.org/resource/Hypermedia,http://de.dbpedia.org/resource/SuperCard
http://dbpedia.org/resource/Graphical_user_interface_testing,Tool,http://dbpedia.org/resource/Squish_(Froglogic),,
http://dbpedia.org/resource/Network_security,Tool,http://dbpedia.org/resource/Nmap,http://de.dbpedia.org/resource/Netzwerksicherheit,http://de.dbpedia.org/resource/Nmap
http://dbpedia.org/resource/Network_security,Tool,http://dbpedia.org/resource/ArpON,http://de.dbpedia.org/resource/Netzwerksicherheit,
http://dbpedia.org/resource/Network_security,Tool,http://dbpedia.org/resource/Einstein_(US-CERT_program),http://de.dbpedia.org/resource/Netzwerksicherheit,
http://dbpedia.org/resource/Web_search_engine,Tool,http://dbpedia.org/resource/AppleSearch,,
http://dbpedia.org/resource/Web_search_engine,Tool,http://dbpedia.org/resource/SWISH-E,,
http://dbpedia.org/resource/Web_search_engine,Tool,http://dbpedia.org/resource/Petal_Search,,
http://dbpedia.org/resource/Web_search_engine,Tool,http://dbpedia.org/resource/Bing_Shopping,,
http://dbpedia.org/resource/Web_search_engine,Tool,http://dbpedia.org/resource/Bing_xRank,,
http://dbpedia.org/resource/Web_search_engine,Tool,http://dbpedia.org/resource/Trip_(search_engine),,
http://dbpedia.org/resource/Web_search_engine,Tool,http://dbpedia.org/resource/Gigablast__gb__1,,
http://dbpedia.org/resource/Web_search_engine,Tool,http://dbpedia.org/resource/OpenSearchServer,,
http://dbpedia.org/resource/Web_search_engine,Tool,http://dbpedia.org/resource/Searchdaimon,,
http://dbpedia.org/resource/Web_search_engine,Tool,http://dbpedia.org/resource/Searchmedica,,
http://dbpedia.org/resource/Web_search_engine,Tool,http://dbpedia.org/resource/YaCy,,http://de.dbpedia.org/resource/YaCy
http://dbpedia.org/resource/Web_search_engine,Tool,http://dbpedia.org/resource/Sesam_(search_engine),,
http://dbpedia.org/resource/Web_search_engine,Tool,http://dbpedia.org/resource/Sherlock_(software),,
http://dbpedia.org/resource/Web_search_engine,Tool,http://dbpedia.org/resource/Live_Search_Academic,,
http://dbpedia.org/resource/Web_search_engine,Tool,http://dbpedia.org/resource/Live_Search_Books,,
http://dbpedia.org/resource/Web_search_engine,Tool,http://dbpedia.org/resource/StrangeSearch,,
http://dbpedia.org/resource/User_interface,Tool,http://dbpedia.org/resource/GPE_Palmtop_Environment,http://de.dbpedia.org/resource/Kategorie:Benutzerschnittstelle,http://de.dbpedia.org/resource/GPE_Palmtop_Environment
http://dbpedia.org/resource/User_interface,Tool,http://dbpedia.org/resource/PDCurses,http://de.dbpedia.org/resource/Kategorie:Benutzerschnittstelle,
http://dbpedia.org/resource/User_interface,Tool,http://dbpedia.org/resource/Spectasia,http://de.dbpedia.org/resource/Kategorie:Benutzerschnittstelle,
http://dbpedia.org/resource/Network_packet,Tool,http://dbpedia.org/resource/Express_Data_Path,http://de.dbpedia.org/resource/Datenpaket,
http://dbpedia.org/resource/Network_packet,Tool,http://dbpedia.org/resource/Iptables,http://de.dbpedia.org/resource/Datenpaket,http://de.dbpedia.org/resource/Iptables
http://dbpedia.org/resource/Cluster_analysis,Tool,http://dbpedia.org/resource/Carrot2,http://de.dbpedia.org/resource/Kategorie:Clusteranalyse,
http://dbpedia.org/resource/Parsing,Tool,http://dbpedia.org/resource/Jsoup,http://de.dbpedia.org/resource/Parser,
http://dbpedia.org/resource/Firewall_(computing),Tool,http://dbpedia.org/resource/Little_Snitch,http://de.dbpedia.org/resource/Firewall,http://de.dbpedia.org/resource/Little_Snitch
http://dbpedia.org/resource/Firewall_(computing),Tool,http://dbpedia.org/resource/PeerBlock,http://de.dbpedia.org/resource/Firewall,
http://dbpedia.org/resource/Firewall_(computing),Tool,http://dbpedia.org/resource/PeerGuardian,http://de.dbpedia.org/resource/Firewall,http://de.dbpedia.org/resource/PeerGuardian
http://dbpedia.org/resource/Firewall_(computing),Tool,http://dbpedia.org/resource/NPF_(firewall),http://de.dbpedia.org/resource/Firewall,
http://dbpedia.org/resource/Firewall_(computing),Tool,http://dbpedia.org/resource/ZoneAlarm_Z100G,http://de.dbpedia.org/resource/Firewall,
http://dbpedia.org/resource/Firewall_(computing),Tool,http://dbpedia.org/resource/Windows_Firewall,http://de.dbpedia.org/resource/Firewall,http://de.dbpedia.org/resource/Windows-Firewall
http://dbpedia.org/resource/Firewall_(computing),Tool,http://dbpedia.org/resource/Symantec_Endpoint_Protection,http://de.dbpedia.org/resource/Firewall,
http://dbpedia.org/resource/Firewall_(computing),Tool,http://dbpedia.org/resource/Nftables,http://de.dbpedia.org/resource/Firewall,
http://dbpedia.org/resource/Firewall_(computing),Tool,http://dbpedia.org/resource/NetBarrier_X4,http://de.dbpedia.org/resource/Firewall,
http://dbpedia.org/resource/Distributed_database,Tool,http://dbpedia.org/resource/Apache_HBase,http://de.dbpedia.org/resource/Verteiltes_Datenbankmanagementsystem,
http://dbpedia.org/resource/Distributed_database,Tool,http://dbpedia.org/resource/ScyllaDB,http://de.dbpedia.org/resource/Verteiltes_Datenbankmanagementsystem,
http://dbpedia.org/resource/Distributed_database,Tool,http://dbpedia.org/resource/Clusterpoint__Database__1,http://de.dbpedia.org/resource/Verteiltes_Datenbankmanagementsystem,
http://dbpedia.org/resource/Agent-based_model,Tool,http://dbpedia.org/resource/MASON_(Java),http://de.dbpedia.org/resource/Agentenbasierte_Modellierung,
http://dbpedia.org/resource/Expert_system,Tool,http://dbpedia.org/resource/Knowledge_Engineering_Environment,http://de.dbpedia.org/resource/Expertensystem,
http://dbpedia.org/resource/Wireless_LAN,Tool,http://dbpedia.org/resource/Hostapd,http://de.dbpedia.org/resource/Wireless_Local_Area_Network,
http://dbpedia.org/resource/Wireless_LAN,Tool,http://dbpedia.org/resource/HostAP,http://de.dbpedia.org/resource/Wireless_Local_Area_Network,
http://dbpedia.org/resource/Wireless_LAN,Tool,http://dbpedia.org/resource/Wpa_supplicant,http://de.dbpedia.org/resource/Wireless_Local_Area_Network,http://de.dbpedia.org/resource/Supplikant_(Computer)
http://dbpedia.org/resource/Wireless_LAN,Tool,http://dbpedia.org/resource/Hostapd__OpenBSD's_hostapd__1,http://de.dbpedia.org/resource/Wireless_Local_Area_Network,
http://dbpedia.org/resource/Wireless_LAN,Tool,http://dbpedia.org/resource/Hostapd__Open_Wireless_Linux_version_of_hostapd__1,http://de.dbpedia.org/resource/Wireless_Local_Area_Network,
http://dbpedia.org/resource/Telecommunication,Tool,http://dbpedia.org/resource/Unitel_(Angola),http://de.dbpedia.org/resource/Kategorie:Telekommunikation,
http://dbpedia.org/resource/Telecommunication,Tool,http://dbpedia.org/resource/Dedicado,http://de.dbpedia.org/resource/Kategorie:Telekommunikation,
http://dbpedia.org/resource/Telecommunication,Tool,http://dbpedia.org/resource/Movicel,http://de.dbpedia.org/resource/Kategorie:Telekommunikation,
http://dbpedia.org/resource/Telecommunication,Tool,http://dbpedia.org/resource/ANTEL,http://de.dbpedia.org/resource/Kategorie:Telekommunikation,http://de.dbpedia.org/resource/ANTEL
http://dbpedia.org/resource/Telecommunication,Tool,http://dbpedia.org/resource/Alegro_PCS,http://de.dbpedia.org/resource/Kategorie:Telekommunikation,
http://dbpedia.org/resource/Object_database,Tool,http://dbpedia.org/resource/Db4o,http://de.dbpedia.org/resource/Objektdatenbank,http://de.dbpedia.org/resource/Db4o
http://dbpedia.org/resource/Object_database,Tool,http://dbpedia.org/resource/Perst,http://de.dbpedia.org/resource/Objektdatenbank,
http://dbpedia.org/resource/Object_database,Tool,http://dbpedia.org/resource/Zope_Object_Database,http://de.dbpedia.org/resource/Objektdatenbank,http://de.dbpedia.org/resource/Zope_Object_Database
http://dbpedia.org/resource/Object_database,Tool,http://dbpedia.org/resource/Wakanda_(software),http://de.dbpedia.org/resource/Objektdatenbank,
http://dbpedia.org/resource/Object_database,Tool,http://dbpedia.org/resource/ObjectDB,http://de.dbpedia.org/resource/Objektdatenbank,
http://dbpedia.org/resource/Object_database,Tool,http://dbpedia.org/resource/ObjectDatabase++,http://de.dbpedia.org/resource/Objektdatenbank,
http://dbpedia.org/resource/Object_database,Tool,http://dbpedia.org/resource/ObjectStore,http://de.dbpedia.org/resource/Objektdatenbank,
http://dbpedia.org/resource/Algorithm,Tool,http://dbpedia.org/resource/ProBiS,http://de.dbpedia.org/resource/Algorithmus,
http://dbpedia.org/resource/User_interface,Tool,http://dbpedia.org/resource/GPE_Palmtop_Environment,http://de.dbpedia.org/resource/Kategorie:Benutzerschnittstelle,http://de.dbpedia.org/resource/GPE_Palmtop_Environment
http://dbpedia.org/resource/User_interface,Tool,http://dbpedia.org/resource/PDCurses,http://de.dbpedia.org/resource/Kategorie:Benutzerschnittstelle,
http://dbpedia.org/resource/User_interface,Tool,http://dbpedia.org/resource/Spectasia,http://de.dbpedia.org/resource/Kategorie:Benutzerschnittstelle,
http://dbpedia.org/resource/Algorithm,Tool,http://dbpedia.org/resource/ProBiS,http://de.dbpedia.org/resource/Algorithmus,
http://dbpedia.org/resource/Knowledge_base,Tool,http://dbpedia.org/resource/Cyc,http://de.dbpedia.org/resource/Wissensdatenbank,http://de.dbpedia.org/resource/Cyc
http://dbpedia.org/resource/Intelligent_tutoring_system,Tool,http://dbpedia.org/resource/AutoTutor,,
http://dbpedia.org/resource/Steganography,Tool,http://dbpedia.org/resource/StegoShare,http://de.dbpedia.org/resource/Kategorie:Steganographie,
http://dbpedia.org/resource/Steganography,Tool,http://dbpedia.org/resource/OutGuess,http://de.dbpedia.org/resource/Kategorie:Steganographie,
http://dbpedia.org/resource/XML,Tool,http://dbpedia.org/resource/VTD-XML,http://de.dbpedia.org/resource/Extensible_Markup_Language,
http://dbpedia.org/resource/XML,Tool,http://dbpedia.org/resource/Libxml2__libxml2__1,http://de.dbpedia.org/resource/Extensible_Markup_Language,
http://dbpedia.org/resource/XML,Tool,http://dbpedia.org/resource/Apache_Xerces,http://de.dbpedia.org/resource/Extensible_Markup_Language,http://de.dbpedia.org/resource/Xerces
http://dbpedia.org/resource/XML,Tool,http://dbpedia.org/resource/LibSBML,http://de.dbpedia.org/resource/Extensible_Markup_Language,
http://dbpedia.org/resource/XML,Tool,http://dbpedia.org/resource/AxKit,http://de.dbpedia.org/resource/Extensible_Markup_Language,
http://dbpedia.org/resource/XML,Tool,http://dbpedia.org/resource/Expat_(software),http://de.dbpedia.org/resource/Extensible_Markup_Language,
http://dbpedia.org/resource/XML,Tool,http://dbpedia.org/resource/JSBML,http://de.dbpedia.org/resource/Extensible_Markup_Language,
http://dbpedia.org/resource/XML,Tool,http://dbpedia.org/resource/XMLStarlet,http://de.dbpedia.org/resource/Extensible_Markup_Language,http://de.dbpedia.org/resource/XMLStarlet
http://dbpedia.org/resource/XML,Tool,http://dbpedia.org/resource/DBLP__DBL-Browser__1,http://de.dbpedia.org/resource/Extensible_Markup_Language,
http://dbpedia.org/resource/Business_process,Tool,http://dbpedia.org/resource/Apache_OFBiz,http://de.dbpedia.org/resource/Geschäftsprozess,http://de.dbpedia.org/resource/Apache_OFBiz
http://dbpedia.org/resource/Lighting,Tool,http://dbpedia.org/resource/Hiroshima_Dreamination,http://de.dbpedia.org/resource/Kategorie:Beleuchtung,
http://dbpedia.org/resource/Lighting,Tool,http://dbpedia.org/resource/Middle_East_Electricity,http://de.dbpedia.org/resource/Kategorie:Beleuchtung,
http://dbpedia.org/resource/Model_checking,Tool,http://dbpedia.org/resource/Romeo_Model_Checker,http://de.dbpedia.org/resource/Model_Checking,
http://dbpedia.org/resource/Model_checking,Tool,http://dbpedia.org/resource/Uppaal_Model_Checker,http://de.dbpedia.org/resource/Model_Checking,http://de.dbpedia.org/resource/UPPAAL
http://dbpedia.org/resource/Model_checking,Tool,http://dbpedia.org/resource/Libdmc,http://de.dbpedia.org/resource/Model_Checking,
